id,scale,space,tokens_per_step,lr,beta1,beta2,warmup_frac,weight_decay,rope_theta,n_eff,k,phase,steps,tokens,val_bpb,narrow_from
e24m-000,e24m,full,131072,8.540295119229838e-05,0.7346901259491112,0.9782509644058832,0.010156558948506905,0.0012996054464294604,20067.78777506636,23920640.0,1,stable,730,95682560,2.423649826972109,
e24m-000,e24m,full,131072,8.540295119229838e-05,0.7346901259491112,0.9782509644058832,0.010156558948506905,0.0012996054464294604,20067.78777506636,23920640.0,2,stable,1460,191365120,2.212007698713939,
e24m-001,e24m,full,262144,0.08812612244244585,0.9945426779070113,0.9908594618578822,0.006357430529265801,0.9046552351067978,3605.214694664546,23920640.0,1,stable,365,95682560,2.5879944590766146,
e24m-001,e24m,full,262144,0.08812612244244585,0.9945426779070113,0.9908594618578822,0.006357430529265801,0.9046552351067978,3605.214694664546,23920640.0,2,stable,730,191365120,2.2866296876398824,
e24m-002,e24m,full,262144,0.04638903655514461,0.9915248641061052,0.9996398416754181,0.0287026986044958,0.0013636661312401038,1359.5707463650076,23920640.0,1,stable,365,95682560,2.5464724693656926,
e24m-002,e24m,full,262144,0.04638903655514461,0.9915248641061052,0.9996398416754181,0.0287026986044958,0.0013636661312401038,1359.5707463650076,23920640.0,2,stable,730,191365120,2.427168592934492,
e24m-003,e24m,full,1048576,0.051150008666579844,0.7711872296166998,0.9847289151035533,0.003179733212233908,0.18135272562929508,2478.761412740823,23920640.0,1,stable,91,95420416,2.6135628592035696,
e24m-003,e24m,full,1048576,0.051150008666579844,0.7711872296166998,0.9847289151035533,0.003179733212233908,0.18135272562929508,2478.761412740823,23920640.0,2,stable,182,190840832,2.4323200733925723,
e24m-004,e24m,full,1048576,0.0019777064500499856,0.7792247112325014,0.958398507977198,0.017136890087052346,0.003535013420548036,24010.744573549397,23920640.0,1,stable,91,95420416,2.5461714154102197,
e24m-004,e24m,full,1048576,0.0019777064500499856,0.7792247112325014,0.958398507977198,0.017136890087052346,0.003535013420548036,24010.744573549397,23920640.0,2,stable,182,190840832,2.338420270480708,
e24m-005,e24m,full,524288,0.00010570565806915668,0.8029025871031985,0.957080617950691,0.004811893855929,0.0001833482943000718,333717.03269570565,23920640.0,1,stable,182,95420416,2.71863412393318,
e24m-005,e24m,full,524288,0.00010570565806915668,0.8029025871031985,0.957080617950691,0.004811893855929,0.0001833482943000718,333717.03269570565,23920640.0,2,stable,364,190840832,2.468597364286714,
e24m-006,e24m,full,131072,7.704796645887115e-05,0.9876818325352166,0.9982068144984612,0.025799418791334513,0.0010277810153481953,474470.5644996021,23920640.0,1,stable,730,95682560,2.5429195415789474,
e24m-006,e24m,full,131072,7.704796645887115e-05,0.9876818325352166,0.9982068144984612,0.025799418791334513,0.0010277810153481953,474470.5644996021,23920640.0,2,stable,1460,191365120,2.320283783111359,
e24m-007,e24m,full,65536,0.0817529386044501,0.998171065376467,0.9838219360029484,0.004874794782681258,0.0015818598170523812,7738.125162539777,23920640.0,1,stable,1460,95682560,21.4014111083309,
e24m-007,e24m,full,65536,0.0817529386044501,0.998171065376467,0.9838219360029484,0.004874794782681258,0.0015818598170523812,7738.125162539777,23920640.0,2,stable,2920,191365120,108.95113897398612,
e24m-008,e24m,full,262144,0.03831241218331887,0.8936230355481803,0.9997843865818911,0.014834360386823373,0.006623560209683359,8911.239017159058,23920640.0,1,stable,365,95682560,2.2337325782832984,
e24m-008,e24m,full,262144,0.03831241218331887,0.8936230355481803,0.9997843865818911,0.014834360386823373,0.006623560209683359,8911.239017159058,23920640.0,2,stable,730,191365120,2.02085098392479,
e24m-009,e24m,full,262144,1.2524522928035052e-05,0.9271000122805572,0.9887875944993815,0.019228433010007845,0.10665412352890612,1983.6743741353164,23920640.0,1,stable,365,95682560,3.38483384508127,
e24m-009,e24m,full,262144,1.2524522928035052e-05,0.9271000122805572,0.9887875944993815,0.019228433010007845,0.10665412352890612,1983.6743741353164,23920640.0,2,stable,730,191365120,3.0862644617360067,
e24m-010,e24m,full,524288,0.007310620872427605,0.9109579058580979,0.9575223383473886,0.047616425913965185,0.016689389706798608,14743.52839388542,23920640.0,1,stable,182,95420416,2.271762495978954,
e24m-010,e24m,full,524288,0.007310620872427605,0.9109579058580979,0.9575223383473886,0.047616425913965185,0.016689389706798608,14743.52839388542,23920640.0,2,stable,364,190840832,1.9067209581177658,
e24m-011,e24m,full,65536,0.00019050216304832316,0.939501340339522,0.9994538213650231,0.09864576872704932,0.0001626389299038233,77625.07352280333,23920640.0,1,stable,1460,95682560,2.154856905028813,
e24m-011,e24m,full,65536,0.00019050216304832316,0.939501340339522,0.9994538213650231,0.09864576872704932,0.0001626389299038233,77625.07352280333,23920640.0,2,stable,2920,191365120,1.7608069405502165,
e24m-012,e24m,full,1048576,0.0033946832364744176,0.9985038569131237,0.991210875910725,0.0210363227176554,0.05930012391738056,253288.79957764875,23920640.0,1,stable,91,95420416,2.631415361560283,
e24m-012,e24m,full,1048576,0.0033946832364744176,0.9985038569131237,0.991210875910725,0.0210363227176554,0.05930012391738056,253288.79957764875,23920640.0,2,stable,182,190840832,2.5720096959639407,
e24m-013,e24m,full,262144,0.02052292264788308,0.9983713958547991,0.9510109709191291,0.0447861279901319,0.8714924197441456,937974.1083554332,23920640.0,1,stable,365,95682560,2.822801649654903,
e24m-013,e24m,full,262144,0.02052292264788308,0.9983713958547991,0.9510109709191291,0.0447861279901319,0.8714924197441456,937974.1083554332,23920640.0,2,stable,730,191365120,4.363533965978573,
e24m-014,e24m,full,262144,0.0050468700261724194,0.7643079757790424,0.998673456142425,0.022254048742202038,0.19419210979589008,94795.22487739901,23920640.0,1,stable,365,95682560,2.147633311097478,
e24m-014,e24m,full,262144,0.0050468700261724194,0.7643079757790424,0.998673456142425,0.022254048742202038,0.19419210979589008,94795.22487739901,23920640.0,2,stable,730,191365120,1.7086378945914995,
e24m-015,e24m,full,65536,5.901006438797355e-05,0.8072387665266488,0.9787838847874716,0.001075053343699917,0.001369627957910125,5633.3842538649715,23920640.0,1,stable,1460,95682560,2.3781416695327646,
e24m-015,e24m,full,65536,5.901006438797355e-05,0.8072387665266488,0.9787838847874716,0.001075053343699917,0.001369627957910125,5633.3842538649715,23920640.0,2,stable,2920,191365120,2.153531802957708,
e24m-016,e24m,full,65536,1.9087850929455156e-05,0.949906740514846,0.9967008252512302,0.009263542613376021,0.04564943149617654,1839.3826169514225,23920640.0,1,stable,1460,95682560,2.6737806466196816,
e24m-016,e24m,full,65536,1.9087850929455156e-05,0.949906740514846,0.9967008252512302,0.009263542613376021,0.04564943149617654,1839.3826169514225,23920640.0,2,stable,2920,191365120,2.482999387579377,
e24m-017,e24m,full,524288,0.02975134739756866,0.940513089336769,0.999527889792252,0.014717413990435742,0.05859256595613432,1880.7903229432898,23920640.0,1,stable,182,95420416,2.4479221291008306,
e24m-017,e24m,full,524288,0.02975134739756866,0.940513089336769,0.999527889792252,0.014717413990435742,0.05859256595613432,1880.7903229432898,23920640.0,2,stable,364,190840832,2.2252667268760797,
e24m-018,e24m,full,262144,0.0018699946480779867,0.9251888898632733,0.9998333602655888,0.0048329406062314955,0.00015446730981223114,12504.607401422989,23920640.0,1,stable,365,95682560,2.1452754872048394,
e24m-018,e24m,full,262144,0.0018699946480779867,0.9251888898632733,0.9998333602655888,0.0048329406062314955,0.00015446730981223114,12504.607401422989,23920640.0,2,stable,730,191365120,1.6796820000651838,
e24m-019,e24m,full,131072,0.012391311261713939,0.9909169975346194,0.9967593760245197,0.0016180549523817696,0.0006155640840311178,19017.03936162293,23920640.0,1,stable,730,95682560,2.4857579442589945,
e24m-019,e24m,full,131072,0.012391311261713939,0.9909169975346194,0.9967593760245197,0.0016180549523817696,0.0006155640840311178,19017.03936162293,23920640.0,2,stable,1460,191365120,2.303155308074609,
e24m-020,e24m,full,524288,2.063954565467748e-05,0.7707016316108628,0.9934764775190981,0.007492181609926801,0.00852782930735545,50776.44906959329,23920640.0,1,stable,182,95420416,3.402333489982531,
e24m-020,e24m,full,524288,2.063954565467748e-05,0.7707016316108628,0.9934764775190981,0.007492181609926801,0.00852782930735545,50776.44906959329,23920640.0,2,stable,364,190840832,3.1358533207565897,
e24m-021,e24m,full,1048576,0.00252943960854936,0.9790257027061604,0.9876375102333625,0.10934393471797313,0.0023710835315679094,196323.03454753384,23920640.0,1,stable,91,95420416,2.567087469834785,
e24m-021,e24m,full,1048576,0.00252943960854936,0.9790257027061604,0.9876375102333625,0.10934393471797313,0.0023710835315679094,196323.03454753384,23920640.0,2,stable,182,190840832,2.3937328502904487,
e24m-022,e24m,full,2097152,2.232161164876715e-05,0.917644872957548,0.9796242136470971,0.0831890622404574,0.00031609459147216205,4624.125128546771,23920640.0,1,stable,46,96468992,3.7094615141606644,
e24m-022,e24m,full,2097152,2.232161164876715e-05,0.917644872957548,0.9796242136470971,0.0831890622404574,0.00031609459147216205,4624.125128546771,23920640.0,2,stable,92,192937984,3.5916894369886507,
e24m-023,e24m,full,65536,0.0006922568497702585,0.9700764595563395,0.9779847858942973,0.06383444269037067,0.026179375905775345,3016.8966421341597,23920640.0,1,stable,1460,95682560,1.7244699159004457,
e24m-023,e24m,full,65536,0.0006922568497702585,0.9700764595563395,0.9779847858942973,0.06383444269037067,0.026179375905775345,3016.8966421341597,23920640.0,2,stable,2920,191365120,1.5476959980416372,
e24m-023,e24m,full,65536,0.0006922568497702585,0.9700764595563395,0.9779847858942973,0.06383444269037067,0.026179375905775345,3016.8966421341597,23920640.0,3,stable,4380,287047680,1.4958672870467622,
e24m-023,e24m,full,65536,0.0006922568497702585,0.9700764595563395,0.9779847858942973,0.06383444269037067,0.026179375905775345,3016.8966421341597,23920640.0,4,stable,5840,382730240,1.4683807088933518,
e24m-024,e24m,narrow,131072,0.006649163280088208,0.9198077415252024,0.9993453523674063,0.005410645370903366,0.00032380387570033983,2036.616936880674,23920640.0,1,stable,730,95682560,2.0700138423165595,e5m+e11m
e24m-024,e24m,narrow,131072,0.006649163280088208,0.9198077415252024,0.9993453523674063,0.005410645370903366,0.00032380387570033983,2036.616936880674,23920640.0,2,stable,1460,191365120,1.6684740667537008,e5m+e11m
e24m-024,e24m,narrow,131072,0.006649163280088208,0.9198077415252024,0.9993453523674063,0.005410645370903366,0.00032380387570033983,2036.616936880674,23920640.0,3,stable,2190,287047680,1.5676539999229822,e5m+e11m
e24m-024,e24m,narrow,131072,0.006649163280088208,0.9198077415252024,0.9993453523674063,0.005410645370903366,0.00032380387570033983,2036.616936880674,23920640.0,4,stable,2920,382730240,1.5156999867864418,e5m+e11m
e24m-025,e24m,narrow,65536,0.00716223543831974,0.8957666479395426,0.9983389705253177,0.007874715517868723,0.0011898067224062126,10111.420377785267,23920640.0,1,stable,1460,95682560,1.682706026434231,e5m+e11m
e24m-025,e24m,narrow,65536,0.00716223543831974,0.8957666479395426,0.9983389705253177,0.007874715517868723,0.0011898067224062126,10111.420377785267,23920640.0,2,stable,2920,191365120,1.550664759165881,e5m+e11m
e24m-025,e24m,narrow,65536,0.00716223543831974,0.8957666479395426,0.9983389705253177,0.007874715517868723,0.0011898067224062126,10111.420377785267,23920640.0,3,stable,4380,287047680,1.4980113325129711,e5m+e11m
e24m-025,e24m,narrow,65536,0.00716223543831974,0.8957666479395426,0.9983389705253177,0.007874715517868723,0.0011898067224062126,10111.420377785267,23920640.0,4,stable,5840,382730240,1.4648552207011736,e5m+e11m
e24m-026,e24m,narrow,65536,0.01869707703057051,0.7418314584430321,0.9998779998476555,0.013505373553782386,0.22712613493650222,17668.921277969323,23920640.0,1,stable,1460,95682560,1.7647587335457264,e5m+e11m
e24m-026,e24m,narrow,65536,0.01869707703057051,0.7418314584430321,0.9998779998476555,0.013505373553782386,0.22712613493650222,17668.921277969323,23920640.0,2,stable,2920,191365120,1.6957585314258523,e5m+e11m
e24m-027,e24m,narrow,32768,0.00431301043693639,0.9499056442963918,0.9986710118171563,0.005783573867355093,0.0036648683416567176,395396.94487207907,23920640.0,1,stable,2920,95682560,1.6580465693410769,e5m+e11m
e24m-027,e24m,narrow,32768,0.00431301043693639,0.9499056442963918,0.9986710118171563,0.005783573867355093,0.0036648683416567176,395396.94487207907,23920640.0,2,stable,5840,191365120,1.5277636996058788,e5m+e11m
e24m-027,e24m,narrow,32768,0.00431301043693639,0.9499056442963918,0.9986710118171563,0.005783573867355093,0.0036648683416567176,395396.94487207907,23920640.0,3,stable,8760,287047680,1.4800115172779258,e5m+e11m
e24m-027,e24m,narrow,32768,0.00431301043693639,0.9499056442963918,0.9986710118171563,0.005783573867355093,0.0036648683416567176,395396.94487207907,23920640.0,4,stable,11680,382730240,1.4518489589223578,e5m+e11m
e24m-028,e24m,narrow,32768,0.0037171317464873626,0.9477552158367762,0.9996967963103208,0.03498351123690331,0.0637081360766525,30134.02970811174,23920640.0,1,stable,2920,95682560,1.5866535897969007,e5m+e11m
e24m-028,e24m,narrow,32768,0.0037171317464873626,0.9477552158367762,0.9996967963103208,0.03498351123690331,0.0637081360766525,30134.02970811174,23920640.0,2,stable,5840,191365120,1.5087650488288418,e5m+e11m
e24m-028,e24m,narrow,32768,0.0037171317464873626,0.9477552158367762,0.9996967963103208,0.03498351123690331,0.0637081360766525,30134.02970811174,23920640.0,3,stable,8760,287047680,1.4772630775867122,e5m+e11m
e24m-028,e24m,narrow,32768,0.0037171317464873626,0.9477552158367762,0.9996967963103208,0.03498351123690331,0.0637081360766525,30134.02970811174,23920640.0,4,stable,11680,382730240,1.457838044568276,e5m+e11m
e24m-029,e24m,narrow,32768,0.0017820760390227079,0.7959580478507341,0.9940117834612056,0.004447051411160125,0.0681706408399005,5782.970279571519,23920640.0,1,stable,2920,95682560,1.587712279518489,e5m+e11m
e24m-029,e24m,narrow,32768,0.0017820760390227079,0.7959580478507341,0.9940117834612056,0.004447051411160125,0.0681706408399005,5782.970279571519,23920640.0,2,stable,5840,191365120,1.5023771617886463,e5m+e11m
e24m-029,e24m,narrow,32768,0.0017820760390227079,0.7959580478507341,0.9940117834612056,0.004447051411160125,0.0681706408399005,5782.970279571519,23920640.0,3,stable,8760,287047680,1.4703030025615622,e5m+e11m
e24m-029,e24m,narrow,32768,0.0017820760390227079,0.7959580478507341,0.9940117834612056,0.004447051411160125,0.0681706408399005,5782.970279571519,23920640.0,4,stable,11680,382730240,1.453049456908326,e5m+e11m
e24m-030,e24m,narrow,131072,0.0007687301830217808,0.9254220518972289,0.9992103185560941,0.004985082468965308,0.005448612701185037,12615.823565356584,23920640.0,1,stable,730,95682560,1.7352352765859644,e5m+e11m
e24m-030,e24m,narrow,131072,0.0007687301830217808,0.9254220518972289,0.9992103185560941,0.004985082468965308,0.005448612701185037,12615.823565356584,23920640.0,2,stable,1460,191365120,1.5511523268658551,e5m+e11m
e24m-030,e24m,narrow,131072,0.0007687301830217808,0.9254220518972289,0.9992103185560941,0.004985082468965308,0.005448612701185037,12615.823565356584,23920640.0,3,stable,2190,287047680,1.4925933797861028,e5m+e11m
e24m-030,e24m,narrow,131072,0.0007687301830217808,0.9254220518972289,0.9992103185560941,0.004985082468965308,0.005448612701185037,12615.823565356584,23920640.0,4,stable,2920,382730240,1.4605444683473343,e5m+e11m
e24m-031,e24m,narrow,65536,0.039328470627031334,0.8146248919795656,0.9997904030667432,0.021802414635705245,0.001190264785733904,3551.9930408903283,23920640.0,1,stable,1460,95682560,1.7150917246440598,e5m+e11m
e24m-031,e24m,narrow,65536,0.039328470627031334,0.8146248919795656,0.9997904030667432,0.021802414635705245,0.001190264785733904,3551.9930408903283,23920640.0,2,stable,2920,191365120,1.575422139833549,e5m+e11m
e24m-031,e24m,narrow,65536,0.039328470627031334,0.8146248919795656,0.9997904030667432,0.021802414635705245,0.001190264785733904,3551.9930408903283,23920640.0,3,stable,4380,287047680,1.5177214034010358,e5m+e11m
e24m-031,e24m,narrow,65536,0.039328470627031334,0.8146248919795656,0.9997904030667432,0.021802414635705245,0.001190264785733904,3551.9930408903283,23920640.0,4,stable,5840,382730240,1.4882767419947274,e5m+e11m
e24m-032,e24m,narrow,131072,0.0036467357755141177,0.9038330735946757,0.9996105824032617,0.016051508855026292,0.4459495535349109,3016.6712516335265,23920640.0,1,stable,730,95682560,1.6536555349609174,e5m+e11m
e24m-032,e24m,narrow,131072,0.0036467357755141177,0.9038330735946757,0.9996105824032617,0.016051508855026292,0.4459495535349109,3016.6712516335265,23920640.0,2,stable,1460,191365120,1.541433995269527,e5m+e11m
e24m-032,e24m,narrow,131072,0.0036467357755141177,0.9038330735946757,0.9996105824032617,0.016051508855026292,0.4459495535349109,3016.6712516335265,23920640.0,3,stable,2190,287047680,1.5041797315138568,e5m+e11m
e24m-032,e24m,narrow,131072,0.0036467357755141177,0.9038330735946757,0.9996105824032617,0.016051508855026292,0.4459495535349109,3016.6712516335265,23920640.0,4,stable,2920,382730240,1.4829795680243678,e5m+e11m
e24m-033,e24m,narrow,65536,0.036800415174076756,0.9403437101045773,0.9994020781468761,0.0046068545529188275,0.22091701164199967,422101.85049926286,23920640.0,1,stable,1460,95682560,1.7784313590031495,e5m+e11m
e24m-033,e24m,narrow,65536,0.036800415174076756,0.9403437101045773,0.9994020781468761,0.0046068545529188275,0.22091701164199967,422101.85049926286,23920640.0,2,stable,2920,191365120,1.6594888204226834,e5m+e11m
e24m-033,e24m,narrow,65536,0.036800415174076756,0.9403437101045773,0.9994020781468761,0.0046068545529188275,0.22091701164199967,422101.85049926286,23920640.0,3,stable,4380,287047680,1.6250916154589259,e5m+e11m
e24m-033,e24m,narrow,65536,0.036800415174076756,0.9403437101045773,0.9994020781468761,0.0046068545529188275,0.22091701164199967,422101.85049926286,23920640.0,4,stable,5840,382730240,1.6153204968036516,e5m+e11m
e24m-034,e24m,narrow,32768,0.004417246171868944,0.7455531140454174,0.9983680575847573,0.004768733888584637,0.0023105786380709734,7437.814650829773,23920640.0,1,stable,2920,95682560,1.6483581610082034,e5m+e11m
e24m-034,e24m,narrow,32768,0.004417246171868944,0.7455531140454174,0.9983680575847573,0.004768733888584637,0.0023105786380709734,7437.814650829773,23920640.0,2,stable,5840,191365120,1.5305965500016152,e5m+e11m
e24m-034,e24m,narrow,32768,0.004417246171868944,0.7455531140454174,0.9983680575847573,0.004768733888584637,0.0023105786380709734,7437.814650829773,23920640.0,3,stable,8760,287047680,1.4858459519668479,e5m+e11m
e24m-034,e24m,narrow,32768,0.004417246171868944,0.7455531140454174,0.9983680575847573,0.004768733888584637,0.0023105786380709734,7437.814650829773,23920640.0,4,stable,11680,382730240,1.4584759316982332,e5m+e11m
e24m-035,e24m,narrow,65536,0.020937309257605393,0.793912036595904,0.9997186440078465,0.010890132802158241,0.000259396039599348,3269.659050156094,23920640.0,1,stable,1460,95682560,1.7771808462716747,e5m+e11m
e24m-035,e24m,narrow,65536,0.020937309257605393,0.793912036595904,0.9997186440078465,0.010890132802158241,0.000259396039599348,3269.659050156094,23920640.0,2,stable,2920,191365120,1.589192436667826,e5m+e11m
e24m-035,e24m,narrow,65536,0.020937309257605393,0.793912036595904,0.9997186440078465,0.010890132802158241,0.000259396039599348,3269.659050156094,23920640.0,3,stable,4380,287047680,1.5289046809305946,e5m+e11m
e24m-035,e24m,narrow,65536,0.020937309257605393,0.793912036595904,0.9997186440078465,0.010890132802158241,0.000259396039599348,3269.659050156094,23920640.0,4,stable,5840,382730240,1.4944940562372429,e5m+e11m
e24m-036,e24m,narrow,32768,0.0008501175917649763,0.942462823134749,0.9963167064604657,0.01387826747032847,0.0006069353425370024,11268.664027114484,23920640.0,1,stable,2920,95682560,1.59202647877613,e5m+e11m
e24m-036,e24m,narrow,32768,0.0008501175917649763,0.942462823134749,0.9963167064604657,0.01387826747032847,0.0006069353425370024,11268.664027114484,23920640.0,2,stable,5840,191365120,1.5040250019366723,e5m+e11m
e24m-036,e24m,narrow,32768,0.0008501175917649763,0.942462823134749,0.9963167064604657,0.01387826747032847,0.0006069353425370024,11268.664027114484,23920640.0,3,stable,8760,287047680,1.4632431958693974,e5m+e11m
e24m-036,e24m,narrow,32768,0.0008501175917649763,0.942462823134749,0.9963167064604657,0.01387826747032847,0.0006069353425370024,11268.664027114484,23920640.0,4,stable,11680,382730240,1.441737630325099,e5m+e11m
e24m-036,e24m,narrow,32768,0.0008501175917649763,0.942462823134749,0.9963167064604657,0.01387826747032847,0.0006069353425370024,11268.664027114484,23920640.0,5,stable,14600,478412800,1.426194498971078,e5m+e11m
e24m-036,e24m,narrow,32768,0.0008501175917649763,0.942462823134749,0.9963167064604657,0.01387826747032847,0.0006069353425370024,11268.664027114484,23920640.0,6,stable,17520,574095360,1.4136982218973584,e5m+e11m
e24m-036,e24m,narrow,32768,0.0008501175917649763,0.942462823134749,0.9963167064604657,0.01387826747032847,0.0006069353425370024,11268.664027114484,23920640.0,7,stable,20440,669777920,1.4049129659172985,e5m+e11m
e24m-036,e24m,narrow,32768,0.0008501175917649763,0.942462823134749,0.9963167064604657,0.01387826747032847,0.0006069353425370024,11268.664027114484,23920640.0,8,stable,23360,765460480,1.3971203024134584,e5m+e11m
e24m-037,e24m,narrow,65536,0.0008773492934907869,0.810480624362385,0.9997023940074625,0.010773664134385859,0.020381767461892315,126745.13423497921,23920640.0,1,stable,1460,95682560,1.6255037041861193,e5m+e11m
e24m-037,e24m,narrow,65536,0.0008773492934907869,0.810480624362385,0.9997023940074625,0.010773664134385859,0.020381767461892315,126745.13423497921,23920640.0,2,stable,2920,191365120,1.5135901028718344,e5m+e11m
e24m-037,e24m,narrow,65536,0.0008773492934907869,0.810480624362385,0.9997023940074625,0.010773664134385859,0.020381767461892315,126745.13423497921,23920640.0,3,stable,4380,287047680,1.468232613022348,e5m+e11m
e24m-037,e24m,narrow,65536,0.0008773492934907869,0.810480624362385,0.9997023940074625,0.010773664134385859,0.020381767461892315,126745.13423497921,23920640.0,4,stable,5840,382730240,1.4451932800895468,e5m+e11m
e24m-037,e24m,narrow,65536,0.0008773492934907869,0.810480624362385,0.9997023940074625,0.010773664134385859,0.020381767461892315,126745.13423497921,23920640.0,5,stable,7300,478412800,1.4296279738426607,e5m+e11m
e24m-037,e24m,narrow,65536,0.0008773492934907869,0.810480624362385,0.9997023940074625,0.010773664134385859,0.020381767461892315,126745.13423497921,23920640.0,6,stable,8760,574095360,1.416344242479195,e5m+e11m
e24m-037,e24m,narrow,65536,0.0008773492934907869,0.810480624362385,0.9997023940074625,0.010773664134385859,0.020381767461892315,126745.13423497921,23920640.0,7,stable,10220,669777920,1.4073530870598812,e5m+e11m
e24m-038,e24m,narrow,131072,0.010381684249412304,0.8935205832347148,0.9998873614511259,0.01360650261359765,0.00315113934914567,152837.02463083374,23920640.0,1,stable,730,95682560,1.853813897665972,e5m+e11m
e24m-038,e24m,narrow,131072,0.010381684249412304,0.8935205832347148,0.9998873614511259,0.01360650261359765,0.00315113934914567,152837.02463083374,23920640.0,2,stable,1460,191365120,1.6036338385259654,e5m+e11m
e24m-038,e24m,narrow,131072,0.010381684249412304,0.8935205832347148,0.9998873614511259,0.01360650261359765,0.00315113934914567,152837.02463083374,23920640.0,3,stable,2190,287047680,1.5311996997167001,e5m+e11m
e24m-038,e24m,narrow,131072,0.010381684249412304,0.8935205832347148,0.9998873614511259,0.01360650261359765,0.00315113934914567,152837.02463083374,23920640.0,4,stable,2920,382730240,1.491688557398551,e5m+e11m
e24m-039,e24m,narrow,32768,0.003948998469211246,0.8862751100552964,0.9997678872635745,0.012193570015421528,0.007554714037228291,679322.7563056264,23920640.0,1,stable,2920,95682560,1.5723987997562443,e5m+e11m
e24m-039,e24m,narrow,32768,0.003948998469211246,0.8862751100552964,0.9997678872635745,0.012193570015421528,0.007554714037228291,679322.7563056264,23920640.0,2,stable,5840,191365120,1.4920519978013087,e5m+e11m
e24m-039,e24m,narrow,32768,0.003948998469211246,0.8862751100552964,0.9997678872635745,0.012193570015421528,0.007554714037228291,679322.7563056264,23920640.0,3,stable,8760,287047680,1.4567487934580647,e5m+e11m
e24m-039,e24m,narrow,32768,0.003948998469211246,0.8862751100552964,0.9997678872635745,0.012193570015421528,0.007554714037228291,679322.7563056264,23920640.0,4,stable,11680,382730240,1.4355304989700202,e5m+e11m
e24m-039,e24m,narrow,32768,0.003948998469211246,0.8862751100552964,0.9997678872635745,0.012193570015421528,0.007554714037228291,679322.7563056264,23920640.0,5,stable,14600,478412800,1.4216145372692979,e5m+e11m
e24m-039,e24m,narrow,32768,0.003948998469211246,0.8862751100552964,0.9997678872635745,0.012193570015421528,0.007554714037228291,679322.7563056264,23920640.0,6,stable,17520,574095360,1.41197644905962,e5m+e11m
e24m-039,e24m,narrow,32768,0.003948998469211246,0.8862751100552964,0.9997678872635745,0.012193570015421528,0.007554714037228291,679322.7563056264,23920640.0,7,stable,20440,669777920,1.4052253640779035,e5m+e11m
e24m-039,e24m,narrow,32768,0.003948998469211246,0.8862751100552964,0.9997678872635745,0.012193570015421528,0.007554714037228291,679322.7563056264,23920640.0,8,stable,23360,765460480,1.3951532792831964,e5m+e11m
e24m-039,e24m,narrow,32768,0.003948998469211246,0.8862751100552964,0.9997678872635745,0.012193570015421528,0.007554714037228291,679322.7563056264,23920640.0,8,decay,29200,956825600,1.3470159037609877,e5m+e11m
e24m-040,e24m,narrow,32768,0.01895899242453431,0.9654602358250209,0.9996537351485909,0.002756376924016241,0.035944481806394625,99856.22576144674,23920640.0,1,stable,2920,95682560,1.7460062236753997,e5m+e11m
e24m-040,e24m,narrow,32768,0.01895899242453431,0.9654602358250209,0.9996537351485909,0.002756376924016241,0.035944481806394625,99856.22576144674,23920640.0,2,stable,5840,191365120,1.5834151889011412,e5m+e11m
e24m-040,e24m,narrow,32768,0.01895899242453431,0.9654602358250209,0.9996537351485909,0.002756376924016241,0.035944481806394625,99856.22576144674,23920640.0,3,stable,8760,287047680,1.5313628263263064,e5m+e11m
e24m-040,e24m,narrow,32768,0.01895899242453431,0.9654602358250209,0.9996537351485909,0.002756376924016241,0.035944481806394625,99856.22576144674,23920640.0,4,stable,11680,382730240,1.5069181846054456,e5m+e11m
e24m-041,e24m,narrow,65536,0.004847788473959072,0.9375387686948365,0.9985154730367832,0.005998642164326931,0.5574392425412068,3311.852624700264,23920640.0,1,stable,1460,95682560,1.68486806116642,e5m+e11m
e24m-041,e24m,narrow,65536,0.004847788473959072,0.9375387686948365,0.9985154730367832,0.005998642164326931,0.5574392425412068,3311.852624700264,23920640.0,2,stable,2920,191365120,1.584439274744173,e5m+e11m
e24m-041,e24m,narrow,65536,0.004847788473959072,0.9375387686948365,0.9985154730367832,0.005998642164326931,0.5574392425412068,3311.852624700264,23920640.0,3,stable,4380,287047680,1.54418701323235,e5m+e11m
e24m-041,e24m,narrow,65536,0.004847788473959072,0.9375387686948365,0.9985154730367832,0.005998642164326931,0.5574392425412068,3311.852624700264,23920640.0,4,stable,5840,382730240,1.5237876770271583,e5m+e11m
e24m-042,e24m,narrow,65536,0.022552501434920134,0.9339129752051976,0.9962300653965876,0.08440941141360654,0.018605091264390125,3362.042291445566,23920640.0,1,stable,1460,95682560,1.6238275630247927,e5m+e11m
e24m-042,e24m,narrow,65536,0.022552501434920134,0.9339129752051976,0.9962300653965876,0.08440941141360654,0.018605091264390125,3362.042291445566,23920640.0,2,stable,2920,191365120,1.5254655294405524,e5m+e11m
e24m-042,e24m,narrow,65536,0.022552501434920134,0.9339129752051976,0.9962300653965876,0.08440941141360654,0.018605091264390125,3362.042291445566,23920640.0,3,stable,4380,287047680,1.489533800524477,e5m+e11m
e24m-042,e24m,narrow,65536,0.022552501434920134,0.9339129752051976,0.9962300653965876,0.08440941141360654,0.018605091264390125,3362.042291445566,23920640.0,4,stable,5840,382730240,1.466684127969476,e5m+e11m
e24m-043,e24m,narrow,131072,0.010341681422343011,0.7305517343182232,0.9985056358678361,0.019707815732719076,0.024697811096020282,18525.075871875586,23920640.0,1,stable,730,95682560,1.7849203018955926,e5m+e11m
e24m-043,e24m,narrow,131072,0.010341681422343011,0.7305517343182232,0.9985056358678361,0.019707815732719076,0.024697811096020282,18525.075871875586,23920640.0,2,stable,1460,191365120,1.5757402785710228,e5m+e11m
e24m-043,e24m,narrow,131072,0.010341681422343011,0.7305517343182232,0.9985056358678361,0.019707815732719076,0.024697811096020282,18525.075871875586,23920640.0,3,stable,2190,287047680,1.544836286892212,e5m+e11m
e24m-043,e24m,narrow,131072,0.010341681422343011,0.7305517343182232,0.9985056358678361,0.019707815732719076,0.024697811096020282,18525.075871875586,23920640.0,4,stable,2920,382730240,1.4939477046113272,e5m+e11m
e24m-044,e24m,narrow,65536,0.0010222585818903816,0.8671268947548408,0.9989243331315294,0.03560196915838317,0.05814678456086072,295526.525890316,23920640.0,1,stable,1460,95682560,1.623834535776374,e5m+e11m
e24m-044,e24m,narrow,65536,0.0010222585818903816,0.8671268947548408,0.9989243331315294,0.03560196915838317,0.05814678456086072,295526.525890316,23920640.0,2,stable,2920,191365120,1.5128869961752207,e5m+e11m
e24m-044,e24m,narrow,65536,0.0010222585818903816,0.8671268947548408,0.9989243331315294,0.03560196915838317,0.05814678456086072,295526.525890316,23920640.0,3,stable,4380,287047680,1.472489679628142,e5m+e11m
e24m-044,e24m,narrow,65536,0.0010222585818903816,0.8671268947548408,0.9989243331315294,0.03560196915838317,0.05814678456086072,295526.525890316,23920640.0,4,stable,5840,382730240,1.4483506093043883,e5m+e11m
e24m-045,e24m,narrow,65536,0.0034834599277802293,0.8917009336268701,0.9984810158531192,0.019923512925730705,0.00128919948786208,34054.61771991811,23920640.0,1,stable,1460,95682560,1.5806602608255176,e5m+e11m
e24m-045,e24m,narrow,65536,0.0034834599277802293,0.8917009336268701,0.9984810158531192,0.019923512925730705,0.00128919948786208,34054.61771991811,23920640.0,2,stable,2920,191365120,1.492806254178916,e5m+e11m
e24m-045,e24m,narrow,65536,0.0034834599277802293,0.8917009336268701,0.9984810158531192,0.019923512925730705,0.00128919948786208,34054.61771991811,23920640.0,3,stable,4380,287047680,1.454531390237808,e5m+e11m
e24m-045,e24m,narrow,65536,0.0034834599277802293,0.8917009336268701,0.9984810158531192,0.019923512925730705,0.00128919948786208,34054.61771991811,23920640.0,4,stable,5840,382730240,1.431196738114123,e5m+e11m
e24m-045,e24m,narrow,65536,0.0034834599277802293,0.8917009336268701,0.9984810158531192,0.019923512925730705,0.00128919948786208,34054.61771991811,23920640.0,5,stable,7300,478412800,1.4157600808929525,e5m+e11m
e24m-045,e24m,narrow,65536,0.0034834599277802293,0.8917009336268701,0.9984810158531192,0.019923512925730705,0.00128919948786208,34054.61771991811,23920640.0,6,stable,8760,574095360,1.4041311910364795,e5m+e11m
e24m-045,e24m,narrow,65536,0.0034834599277802293,0.8917009336268701,0.9984810158531192,0.019923512925730705,0.00128919948786208,34054.61771991811,23920640.0,7,stable,10220,669777920,1.3958592253081186,e5m+e11m
e24m-045,e24m,narrow,65536,0.0034834599277802293,0.8917009336268701,0.9984810158531192,0.019923512925730705,0.00128919948786208,34054.61771991811,23920640.0,8,stable,11680,765460480,1.3871019871730885,e5m+e11m
e24m-045,e24m,narrow,65536,0.0034834599277802293,0.8917009336268701,0.9984810158531192,0.019923512925730705,0.00128919948786208,34054.61771991811,23920640.0,8,decay,14600,956825600,1.3457612670713766,e5m+e11m
e24m-046,e24m,narrow,65536,0.014311393721024575,0.8329447894653267,0.9986765061704193,0.01901053608960054,0.002177327071381318,72829.70543670097,23920640.0,1,stable,1460,95682560,1.6820565114173744,e5m+e11m
e24m-046,e24m,narrow,65536,0.014311393721024575,0.8329447894653267,0.9986765061704193,0.01901053608960054,0.002177327071381318,72829.70543670097,23920640.0,2,stable,2920,191365120,1.5486945092312097,e5m+e11m
e24m-046,e24m,narrow,65536,0.014311393721024575,0.8329447894653267,0.9986765061704193,0.01901053608960054,0.002177327071381318,72829.70543670097,23920640.0,3,stable,4380,287047680,1.4954050846183333,e5m+e11m
e24m-046,e24m,narrow,65536,0.014311393721024575,0.8329447894653267,0.9986765061704193,0.01901053608960054,0.002177327071381318,72829.70543670097,23920640.0,4,stable,5840,382730240,1.4636537867361565,e5m+e11m
e24m-047,e24m,narrow,131072,0.0013402838295052152,0.7873584289097162,0.9990309379790273,0.007588563510856382,0.0016208264309496095,62655.1353758246,23920640.0,1,stable,730,95682560,1.7916941830683346,e5m+e11m
e24m-047,e24m,narrow,131072,0.0013402838295052152,0.7873584289097162,0.9990309379790273,0.007588563510856382,0.0016208264309496095,62655.1353758246,23920640.0,2,stable,1460,191365120,1.5740329166405957,e5m+e11m
e24m-047,e24m,narrow,131072,0.0013402838295052152,0.7873584289097162,0.9990309379790273,0.007588563510856382,0.0016208264309496095,62655.1353758246,23920640.0,3,stable,2190,287047680,1.5092869912898548,e5m+e11m
e24m-047,e24m,narrow,131072,0.0013402838295052152,0.7873584289097162,0.9990309379790273,0.007588563510856382,0.0016208264309496095,62655.1353758246,23920640.0,4,stable,2920,382730240,1.4768371577172794,e5m+e11m
